# pressure,max_T,flow_rate,H2_per_CH4_n_Ar,reacter_len,reacter_dia
-6.017854649904347264e-01,8.340573695964409451e-01,-9.660008263920586424e-01,-8.517942491055372489e-01,5.857818264196396063e-01,-3.088515785559057258e-01
