# pressure,max_T,flow_rate,H2_per_CH4_n_Ar,reacter_len,reacter_dia
-7.570999537641469601e-01,8.476432309913690677e-01,-8.049135968564776755e-01,-6.795043755264217333e-01,8.083524578251334303e-01,-2.853414738714463716e-01
