# pressure,max_T,flow_rate,H2_per_CH4_n_Ar,reacter_len,reacter_dia
-7.772443727707639693e-01,6.990657191859568353e-01,-2.200257329415511443e-01,-1.384292659752676125e-01,5.836354712477164197e-01,-4.191966928273396786e-01
