# pressure,max_T,flow_rate,H2_per_CH4_n_Ar,reacter_len,reacter_dia
-6.862592018215848411e-01,7.620003670030524034e-01,-7.906634350698378277e-01,-3.482079645851230421e-01,-4.853555686178976925e-01,-4.397524739549510397e-01
