# pressure,max_T,flow_rate,H2_per_CH4_n_Ar,reacter_len,reacter_dia
-2.316233039630833379e-01,7.376033276702279595e-01,-9.938471940734237842e-02,-9.658483522725199721e-01,7.494802076702667959e-01,-8.328939235068001379e-01
