# pressure,max_T,flow_rate,H2_per_CH4_n_Ar,reacter_len,reacter_dia
-6.855536347614591408e-01,7.313303376729117788e-01,-1.839305561518383703e-01,3.159986478119854447e-01,-9.696376733791449709e-01,-5.462629499088238472e-01
