# pressure,max_T,flow_rate,H2_per_CH4_n_Ar,reacter_len,reacter_dia
-2.033758907060775056e-01,7.375189500924588248e-01,-1.300968753082223373e-01,-9.096281878763071704e-01,-7.035284469264956320e-01,-1.922968494013811147e-01
