id,ref,xgb
0,18.27482248,20.665794
1,29.46282383,26.608261
2,7.271769718,6.8401065
3,27.56743272,27.433126
4,6.039175735,6.2116637
5,6.521307381000001,6.583667
6,24.0382817,25.233965
7,13.04927393,14.585066
8,53.9111233,52.95552
9,6.597908231,7.0498033
