id,ref,xgb
0,23.07076981,25.357784
1,39.08427601,36.734398
2,10.71622908,10.883071
3,38.92652237,37.318306
4,8.741977676,9.399296
5,9.335303072,9.308333
6,31.11687032,32.16295
7,16.63711533,19.548706
8,88.11128199999999,87.06869
9,9.679572352000001,10.820053
