id,ref,xgb
0,2.909482868,2.6399856
1,1.302613195,0.8632492
2,2.331524692,2.3558922
3,1.017044578,1.6557528
4,2.498785486,2.5282404
5,2.6597212480000003,2.7056336
6,2.230581289,2.2379584
7,3.01264862,3.1858234
8,3.0595703160000003,2.6836765
9,2.3526872009999997,2.3264937
