id,ref,xgb
0,3.673032096,3.30034
1,1.7279977619999998,1.3311405
2,3.435910882,3.3922706
3,1.4361151769999998,2.325901
4,3.617104038,3.588817
5,3.807411993,3.9496133
6,2.887423884,2.8689468
7,3.840963322,4.0834093
8,5.000501686000001,4.2361975
9,3.4515493680000002,3.4268546
