id,ref,xgb
0,15.92071754,17.158905
1,4.421209597,3.2835455
2,32.06268601,29.93025
3,3.689297399,5.797339
4,41.37626716,39.37153
5,40.7850925,41.093315
6,9.279287582,9.144156
7,23.08671453,22.742405
8,5.675211587000001,4.853254
9,35.65807706,37.336346
