id,ref,xgb
0,49.64806267,46.153133
1,28.0081687,32.39644
2,75.55604561,74.75824
3,31.05369548,24.382998
4,81.05369418,80.053764
5,78.66454067,79.388466
6,30.36520083,27.39675
7,60.45618148,56.2836
8,5.898968922999999,6.801797
9,78.10084872,78.124146
