id,ref,xgb
0,22.59961186,24.362658
1,94.01601134,88.3579
2,84.8828463,88.77838
3,88.31330474,90.9472
4,23.07076981,24.705513
5,9.039055763,10.06161
6,83.00412784,85.06263
7,91.25236933,92.20445
8,83.39982653,80.68565
9,75.29751497,72.33902
10,84.56540637,87.916275
11,38.92652237,37.068394
12,8.741977676,5.3056235
13,9.335303072,9.512665
14,31.11687032,32.244335
15,73.31608952,82.14481
16,72.98502472,65.897125
17,88.11128199999999,86.51495
18,98.56672714,95.93874
19,88.88950047,88.97514
