# pressure,max_T,flow_rate,H2_per_CH4_n_Ar,reacter_len,reacter_dia
-5.478202483780816867e-02,9.405861477861349185e-01,-2.541365311369909175e-01,-7.856359317801521192e-01,-5.618265933017414504e-01,-7.115920589312717537e-01
